city,Lat,Lng
Atlanta,33.749,-84.388
Boston,42.3601,-71.0589
Chicago,41.8781,-87.6298
Houston,29.7604,-95.3698
Philadelphia,39.9526,-75.1652
Seattle,47.6062,-122.3321
Washington DC,38.9072,-77.0369
New York,40.7128,-74.006
Los Angeles,34.0522,-118.2437
San Francisco,37.7749,-122.4194
